Cell type,Track displacement_Mean,Track displacement_Median,Track displacement_STD,Track duration_Mean,Track duration_Median,Track duration_STD,Mean Directionality Change Rate_Mean,Mean Directionality Change Rate_Median,Mean Directionality Change Rate_STD,Total Distance Travelled_Mean,Total Distance Travelled_Median,Total Distance Travelled_STD,Max Distance Travelled_Mean,Max Distance Travelled_Median,Max Distance Travelled_STD,Mean Track Speed_Mean,Mean Track Speed_Median,Mean Track Speed_STD,Minimum Track Speed_Mean,Minimum Track Speed_Median,Minimum Track Speed_STD,Maximum Track Speed_Mean,Maximum Track Speed_Median,Maximum Track Speed_STD,Median Track Speed_Mean,Median Track Speed_Median,Median Track Speed_STD,Instant Mean Square Displacement_Mean,Instant Mean Square Displacement_Median,Instant Mean Square Displacement_STD,Instant Diffusion Coefficient_Mean,Instant Diffusion Coefficient_Median,Instant Diffusion Coefficient_STD,Confinement Ratio_Mean,Confinement Ratio_Median,Confinement Ratio_STD,Mean Straight Line Speed_Mean,Mean Straight Line Speed_Median,Mean Straight Line Speed_STD,Linearity of Forward Progression_Mean,Linearity of Forward Progression_Median,Linearity of Forward Progression_STD,Density,Tau
2,0.24339478577621,0.222005517949445,0.175832587633807,0.319047619047619,0.25,0.143523790156942,0.910109872202294,0.87589996057038,0.339241462810479,0.563721280664019,0.4945981576244,0.273194734380995,0.334336531852022,0.338557085289914,0.120771308048297,2.27377771988387,2.18139685003071,0.92878930577808,0.306740420469422,0.219317121994675,0.327225230964991,6.43400335503339,6.50544756338872,2.17787523016905,1.1645187679104,0.759465601591058,1.16570381624395,0.0333490786924059,0.0246103283333331,0.0235560513126087,0.166745393462029,0.123051641666665,0.117780256563043,0.531741010200017,0.726962486374181,0.364571330315457,0.949337841307148,0.788880016225524,0.800050922850047,0.425407526220014,0.572016036103594,0.285942838267631,1.31680554262264,0.146213629610254
2,0.307657833407286,0.304777767908669,0.222508286028837,0.363636363636364,0.275,0.225071861096279,1.03779132896907,1.0112719567676,0.427528086311477,0.598332652472194,0.494950214833186,0.327478720482087,0.365393954511772,0.347965312443743,0.197658771562448,2.1995375987321,1.93970724124538,0.930208674711905,0.510611361494479,0.31347475324292,0.573953073340974,6.193181428187,6.39438260800779,2.26052057530302,1.38587681257275,0.939228896293966,1.24797738564337,0.027651988741215,0.023525281666667,0.0183226350355675,0.138259943706075,0.117626408333335,0.0916131751778377,0.571377322903506,0.620930003932081,0.297974807350866,0.998657063348159,0.951511142240704,0.65536326305222,0.467232491286525,0.521405758228308,0.238015381126211,1.3673821431577,0.13790369091986
2,0.256763916458777,0.263815029897836,0.169807801416965,0.304294478527607,0.25,0.152590670576883,1.02681973931798,1.02220600169312,0.405362865063528,0.52351530540541,0.468058828287531,0.25758525894803,0.309148527674812,0.304218161850994,0.143223428306033,2.25481820983136,2.04744361681926,0.941301963173658,0.607217276028818,0.362932500611289,0.604464206630673,5.39654509433916,4.59821922052428,2.36980839760022,1.54140384966458,1.15652035540465,1.28050628926312,0.0268108625072043,0.017807370833333,0.0232731247838691,0.134054312536021,0.0890368541666649,0.116365623919346,0.542404287935699,0.603662858370265,0.325076205188353,0.997608746794379,0.90699715545309,0.756484153955704,0.431401417893589,0.482930286696212,0.253469067802052,1.89366585269241,0.0970564786109494
2,0.237052234833013,0.207276867980972,0.163266051523626,0.316433566433566,0.25,0.18161794597996,1.01516464650024,0.989256034965113,0.417851029825713,0.55969177081429,0.459135483643515,0.307185692148401,0.297045616073726,0.276936852007819,0.142771099965166,2.32933803713405,1.97287254589806,1.05346229866957,0.668938010189634,0.400244925014693,0.760080171868773,5.37684220739485,4.82278799036403,2.36323931181835,1.71940028249564,1.58492902049274,1.35416530435432,0.0272657622552572,0.0163357079999999,0.0233295554601117,0.136328811276286,0.0816785399999994,0.116647777300558,0.485072573157249,0.447258084657295,0.308283904492743,0.88148283615302,0.753269011762483,0.671077750765543,0.387236889712236,0.372188509817488,0.240781619362896,3.42615407664057,0.101034185899326
2,0.321001092109188,0.272866432526985,0.260744512864292,0.305869074492099,0.25,0.143286729644192,1.10673516240453,1.12559269911555,0.440829706054518,0.68259282586145,0.594762056294414,0.379484167389555,0.388292534772889,0.345442281720117,0.235822692404392,2.91608745351172,2.65355010352074,1.33857337840232,1.08029590542945,0.787027318458545,1.08109012690745,5.88586423748351,5.64015638081081,2.24321364135443,2.44225443800006,2.15195222556158,1.71774072174778,0.0364563967076901,0.0265903799999998,0.0281363730395388,0.182281983538451,0.132951899999999,0.140681865197694,0.502579516606973,0.515429022271637,0.292962686485866,1.16060435800682,0.957039445373107,0.888320168015098,0.404212488136407,0.408519933717036,0.234143245196269,3.90795197566336,0.105096914358737
2,0.294708378166122,0.281622602075894,0.183529240378373,0.261031518624642,0.25,0.0939250840697773,1.08505370040195,1.07124863967326,0.406894058638397,0.62687661014288,0.545661987338162,0.321556053080815,0.350679087392808,0.331559662805961,0.170348411437643,3.08659178241319,2.77830132408427,1.29503550220484,1.28550571489235,0.96884260847672,1.1127157092769,5.63110305279407,5.34142752454808,2.1802613050421,2.71454312153549,2.43168172259446,1.58191318181747,0.0374101793585251,0.0289801649999989,0.0283647243270669,0.187050896792626,0.144900824999994,0.141823621635334,0.504038646425465,0.48893355754001,0.266939465531737,1.19835103831977,1.1092205596724,0.750097990446853,0.395873064362639,0.391738441846887,0.20521359059658,6.28883150735579,NaN
2,0.278149679683127,0.242061975535191,0.200487771392137,0.301612903225806,0.25,0.141616584020986,1.03124830802035,1.03568943602214,0.422313866291301,0.584401878253228,0.503053117978622,0.312450874659422,0.328470517522312,0.299982787672886,0.180006839507937,2.57012678119784,2.12989231423524,1.30995779235534,0.830901309681222,0.536823993502513,0.964968243347866,5.57486780545376,5.25705021851606,2.19042812892208,2.05298457791769,1.51763512083775,1.70377082386181,0.0313593370190091,0.0205043699999999,0.0290616221571098,0.156796685095046,0.102521849999999,0.145308110785549,0.515110795251126,0.544843316311932,0.291224464085519,1.04379929229245,0.875993436048469,0.834400634927515,0.413304251782768,0.441299379048584,0.231066256442678,3.71070787857497,0.100294546975099
2,0.357511525528351,0.32529005352548,0.229316890793697,0.297095959595959,0.25,0.141055338395833,1.17563302331566,1.15744392019122,0.41121176574279,0.771111038076483,0.677377127487816,0.45975402343265,0.417920156114466,0.392207775229016,0.206547008367214,3.33579836475043,3.15856568229035,1.40382095619869,1.39078230250993,1.00072938951698,1.2118662461831,5.95322170934326,5.71246838299033,2.07177515925142,3.03771615465808,2.8625640706382,1.71627888707786,0.0419898801904824,0.0346808966666665,0.0301642142474699,0.209949400952412,0.173404483333332,0.15082107123735,0.512097000618578,0.485377483553605,0.279496182671125,1.35134203216945,1.13013957112273,0.949399293258458,0.407980814146299,0.394281962378987,0.215379949803143,6.02171869705335,0.097729999351826
2,0.341506720245793,0.300365061217183,0.22761934745189,0.278260869565218,0.25,0.148522409187488,1.1211606778119,1.12152615324729,0.416809814775932,0.705681271163108,0.620174490803739,0.373224790105366,0.401091402622813,0.370196622891132,0.21436422015038,3.40645311096797,3.0115114541435,1.64461469458097,1.57588547005298,1.1388011239896,1.4500121941736,6.05611068540213,5.86609985936142,2.22588663705204,3.01448009081317,2.58615158101771,1.98960135934816,0.0452608556885824,0.0340057400000002,0.0361800271140374,0.226304278442912,0.170028700000001,0.180900135570187,0.524095772229235,0.520754635346263,0.276795449119725,1.39124784361709,1.23036102425262,0.99298013371016,0.411693464895419,0.422936933906242,0.21246805953858,7.33703566533037,0.0666891775048418
2,0.31017338003468,0.279197582367759,0.234850889548339,0.296470588235294,0.25,0.188475752402524,1.0880941327306,1.10392523778707,0.344433185460836,0.735735490164773,0.5961367865678,0.398484918258626,0.391190573573933,0.332701021940119,0.22014549997797,3.45358042451071,3.03285458443231,1.89445712446565,1.54399273885318,0.660956882103539,1.87733585897593,6.25396366714854,6.7029214526206,2.25325427160051,3.08965900593718,2.55416105045266,2.22484230080977,0.0491804119280451,0.0354210450000013,0.0417896376331032,0.245902059640226,0.177105225000006,0.208948188165516,0.460801356280331,0.440454605454081,0.288448357358448,1.24911556257397,0.84801370861561,1.11320998846469,0.365886159724132,0.353352208676233,0.224068326817445,3.22062509529261,0.0951414383122298
2,0.27894709599428,0.247179740047977,0.188675576445114,0.295218894009217,0.25,0.135433255011537,1.13068444903541,1.12538426731311,0.410653917902504,0.653503539811061,0.582976877057603,0.345956198831542,0.338813843541092,0.307047544624475,0.171959026599634,2.81498391867621,2.59994612180907,1.11084184464354,1.09728105342204,0.895448488128489,0.914827704861218,5.26671196313795,4.82069738047567,2.08689682387684,2.49620943522411,2.26076348851083,1.35597956578792,0.0309749784870111,0.0240896945833332,0.0238784366894196,0.154874892435056,0.120448472916666,0.119392183447098,0.473563902969126,0.442088553037844,0.274947270494029,1.05520958348811,0.888693106863924,0.757222167022293,0.376537919459105,0.357113460890863,0.212097090901633,8.94085959237014,0.0973458301030745
2,0.348033772916056,0.323746133809525,0.225022134363576,0.277631578947368,0.25,0.111130970511751,1.11521787309204,1.12578490628302,0.423388202764363,0.804205104722304,0.720746414841243,0.40117186072865,0.425684855281161,0.396787533202499,0.199870926844554,3.76356266816643,3.58439340772405,1.52131832782699,1.69361975100255,1.35318343084472,1.39888330363651,6.53105867981378,6.59605637735033,2.04081601910186,3.41548836194456,3.14878528132353,1.89047686081493,0.0519859510398164,0.0459139188888892,0.0336023866654611,0.259929755199082,0.229569594444446,0.168011933327306,0.474101778508429,0.470408515473233,0.27581549748638,1.39451668325523,1.22807731636333,0.97744252035024,0.374381066762379,0.375038067023042,0.212743061269816,5.76588124742716,NaN
2,0.278517690889386,0.285116204379897,0.180234843106214,0.335882352941177,0.25,0.171930870089219,1.11417679074383,1.10944103705654,0.39444450219653,0.56850577013009,0.533972293210289,0.263382779130057,0.324212847287652,0.30671388948008,0.150560490159701,2.22048571883445,1.99466541192133,0.927970289195036,0.557108738335799,0.306835460792867,0.701176269886301,5.70011448437038,5.34679043913263,2.35058417139189,1.41595712443708,1.09811656940411,1.20323414011507,0.0267208312911001,0.0172242400000001,0.0218615504021404,0.1336041564555,0.0861212000000005,0.109307752010702,0.537563617647514,0.594074352959194,0.320087033022306,1.01389562500853,0.863350357618499,0.801403557924799,0.43310977573874,0.47511397958613,0.250557352484439,1.59214491890363,0.124881466932284
2,0.272960815281199,0.256593842482628,0.185361296917745,0.34171270718232,0.25,0.270673738216054,1.03979807278693,1.03567137908377,0.409234490645153,0.586524890931964,0.510481916786097,0.343816230255623,0.333227805680882,0.317255795849346,0.15301125291443,2.40818106322009,2.13598592115802,1.15663235831216,0.673950765561167,0.389034702822227,0.702935385735782,5.84595195629743,5.53434729665565,2.27127773653202,1.77584989822353,1.29522198869538,1.61763366421531,0.0300360140259661,0.0212173239999997,0.0248296547489145,0.150180070129831,0.106086619999999,0.124148273744572,0.528009159818143,0.602758457403207,0.321759393161775,1.01062801369242,0.818171277911899,0.815035025711098,0.424044271773887,0.472879948539856,0.25454336673778,1.3891884086549,0.101222176622471
2,0.414349912827476,0.376490566814823,0.257801395362392,0.267796610169492,0.225,0.112451729642212,1.12268523671296,1.1423358485925,0.42195096184964,0.860449018523844,0.789013273559526,0.43509769777206,0.477346357003245,0.438025529571155,0.240729127407716,4.18469971669747,4.1537736691175,1.63937307468731,2.02422852838399,1.63386617337203,1.58541762413416,6.85998537736898,7.09814688103706,2.09354162811188,3.93360590476068,3.76730780466741,2.05209050193444,0.0614941605699063,0.0561762117857142,0.0386751194976543,0.307470802849531,0.280881058928571,0.193375597488271,0.512854144650054,0.5100645164347,0.257466283688924,1.68350261024101,1.56784999308709,1.06103566758632,0.40257152054673,0.401611836242056,0.197769836203955,9.03759687786872,0.0650653661695336
2,0.408011661430154,0.379404792022754,0.262129341935034,0.278453947368421,0.25,0.127791703397403,1.16501220531827,1.16675171623445,0.404802251426678,0.823455084259106,0.731472802451894,0.449562854523267,0.471031645050162,0.433004138304616,0.243014691665399,3.80712145779724,3.80599232007639,1.51393242746511,1.71360595430496,1.44510855022342,1.39067139456433,6.56007953015798,6.75170584603909,2.06819096881029,3.5020983015994,3.44677967418582,1.92462506254294,0.0527785985047374,0.0473601383333338,0.0336571815262554,0.263892992523687,0.236800691666669,0.168285907631277,0.53048679385109,0.53537954038646,0.265290791134725,1.59027547795172,1.42653216521806,1.02829529361098,0.419725709481699,0.42114699779341,0.205848678923328,6.79339613068268,0.0780412718322611
2,0.246236155742975,0.222216403534937,0.173971594748842,0.327317073170732,0.25,0.175273237533039,1.03814306327062,1.05122694830145,0.364260217852432,0.561464255870582,0.488212543759911,0.289558830057771,0.309113206565843,0.281293938790013,0.146475490537439,2.24343156017148,2.02302650175734,0.997859117394222,0.586128003607167,0.361424957633034,0.722434943452856,5.55881636108542,4.96896166215834,2.36019697589456,1.51785447745647,1.23855300788066,1.34014005237535,0.0270937694977257,0.0191034466666667,0.0241090921478567,0.135468847488629,0.0955172333333336,0.120545460739283,0.496335547783879,0.509753756752553,0.31195268050116,0.870482139363105,0.757733828963424,0.652659975139588,0.399715337198437,0.41911009776362,0.246589362913424,1.95989108703581,0.105044219256773
2,0.33104040641339,0.285061414435553,0.216631544374927,0.309203980099502,0.25,0.150838864965498,1.15218122204564,1.19472572630921,0.45092217297803,0.752951465490942,0.654829605037512,0.385049840229041,0.396775613879898,0.368420004885731,0.197538129335531,3.08562001479428,2.99346046359406,1.17199267158961,1.07881394369178,0.842227997634856,0.890473142363472,5.97468373186517,5.95292365145065,2.084328888565,2.71395258448034,2.72100128629148,1.50494374647646,0.0374744676261576,0.0319538350000003,0.0241148203724943,0.187372338130788,0.159769175000002,0.120574101862472,0.485735184420436,0.467711550781591,0.282749711643017,1.18016630188966,1.03529826620157,0.793238439343206,0.39073414415038,0.4016960495494,0.221297290182753,4.4400732916934,NaN
2,0.25232744049302,0.233366512816954,0.195196958983575,0.347222222222222,0.25,0.215620551483902,0.97428765628037,0.969012607268986,0.387468607741184,0.581475037722223,0.521882927413125,0.325917829907044,0.317641766609792,0.309825254717666,0.157354724142144,2.27828268800078,1.99287691464423,1.08915646690299,0.539464331421102,0.350813025391083,0.540733913311709,5.77184400724894,5.35889780260687,2.39588297419393,1.62551213304108,1.08143061696509,1.57721819200087,0.0287404661907675,0.0181918433333334,0.0271554850393093,0.143702330953837,0.0909592166666671,0.135777425196547,0.473023489269977,0.432995190067821,0.325021065950601,0.874567840993625,0.667089762621699,0.762405529338526,0.383501613394648,0.383160882171596,0.257371371850524,1.85873803371007,0.118829768690582
2,0.317500255555845,0.292173872206259,0.226230816068432,0.294594594594594,0.25,0.141796781548419,1.08028861973837,1.10066986981398,0.394838791168718,0.633432609645294,0.556333867822779,0.347153553330745,0.379581862275728,0.342681783729456,0.205252980085856,2.89411855691903,2.57241357346846,1.47586057212012,0.954455084648783,0.47253567061123,1.12057767146767,6.21100307536806,6.09103012634152,2.18528324856965,2.24871682288391,1.64569286320388,1.92013679946505,0.0394226962928996,0.0320093537142859,0.0304937499025001,0.197113481464498,0.16004676857143,0.1524687495125,0.550185745304378,0.617062180598925,0.305523128321608,1.23335516503058,1.06181862020885,0.916521376303198,0.43844987178054,0.503111868834908,0.240379058513155,2.36474202869429,0.0897150959919612
2,0.213102115470247,0.20863681834245,0.166493244721119,0.347619047619048,0.25,0.205400376704354,1.00245378648851,0.996152867394588,0.373995769812084,0.537675660550284,0.459510789401416,0.317415334549716,0.288836843325805,0.288806644131898,0.130427041878345,1.99602703262968,1.87764177530811,0.834825075935768,0.414583238583653,0.243124859904923,0.44345668273597,5.39004955823098,4.82981528940213,2.38706554168447,1.25674474786363,0.960613833237945,1.2443182227855,0.0236810204489748,0.0167996916269842,0.0243919240860851,0.118405102244874,0.0839984581349209,0.121959620430426,0.47618080367593,0.502322864328432,0.363622629349456,0.808292182639793,0.624172343253123,0.772532575019102,0.380118320270598,0.437732094983712,0.282097812494979,1.88693537165483,0.0975154041950951
2,0.293467501873074,0.294711469067634,0.199081067416667,0.358241758241758,0.3,0.218868775533517,1.10565896967605,1.07750674355707,0.351456910797791,0.619957904051144,0.544103040799554,0.335931264656327,0.364529419602245,0.386795876399941,0.160000489382757,2.32811426324495,1.98280775836716,1.146169715552,0.504396690326419,0.215824002372199,0.836634302625608,6.43547651637746,6.36234076421558,2.46719563393798,1.34364673162409,0.845931439302302,1.38689956722849,0.0329760092761955,0.0244474433333329,0.0257285656486611,0.164880046380977,0.122237216666665,0.128642828243305,0.55647235288447,0.646333036635981,0.341949119755177,1.02700490838447,0.808597328711889,0.829775478687025,0.452992701534192,0.574017171348049,0.272874479804608,1.78652870581564,0.135325517674221
2,0.399567310867934,0.334491169932775,0.291165040657267,0.309171597633136,0.25,0.149891830902579,1.18244478864051,1.19529782465947,0.419039252133268,0.868541433919819,0.697735109575543,0.570896297210368,0.471049298163988,0.40752998345512,0.275816899646982,3.51129654608475,3.35034461107956,1.589984224005,1.43791490675818,1.04147258540899,1.31038626594624,6.42210625458807,6.52894713702585,2.17985390481843,3.20137877285028,3.04227965430734,2.05238741190413,0.0478899557978469,0.0384333977600007,0.0338196257929167,0.239449778989234,0.192166988800003,0.169098128964584,0.511966078782488,0.507661972890658,0.274680028329018,1.42682500715168,1.14772041724206,1.01057853569387,0.410732742899646,0.411580688748046,0.215711957206978,4.78978817161811,0.109333521052968
2,0.433048080295526,0.401229622535527,0.270767483800357,0.270521172638436,0.25,0.117444418955174,1.15019595452204,1.16485906933064,0.440074486456323,0.834705727918486,0.772286512712122,0.416148423297937,0.488234119867971,0.470671392799692,0.247669367865892,4.00938054991393,4.04400354384434,1.65766000562425,1.77321586626273,1.38176264242446,1.52563148602448,6.88177955719002,7.13737234561847,2.14800428788481,3.75168900316843,3.66127292557841,2.15073329225736,0.059142518572677,0.054499526666666,0.0379399730820645,0.295712592863385,0.27249763333333,0.189699865410323,0.547147435530233,0.560994025872066,0.266958168241662,1.71699064257116,1.50778962425812,1.09284549756439,0.431928624245455,0.441989673808336,0.206308129102974,6.77955441853374,0.0723608870863114
2,0.244769057195243,0.216221576166672,0.162340470705028,0.318527918781726,0.25,0.170082109469111,1.05106281122132,1.0487349831394,0.402698803593463,0.538708932868058,0.478888713955637,0.258483313607925,0.299355762017345,0.273533343488506,0.141514676461091,2.22129396840691,1.95302760553884,0.927565003479189,0.619023351443601,0.441270891856668,0.610673047072176,5.36064497809682,4.68422586987447,2.40903926517318,1.55248337019067,1.29727532767496,1.17371596229195,0.0255050600911008,0.0162809294117645,0.0215601438252402,0.127525300455504,0.0814046470588224,0.107800719126201,0.499358684069645,0.513228807902732,0.294263031557536,0.887301074024503,0.788344696183063,0.671810709259484,0.402255046744906,0.416552663514557,0.232692906300948,2.77445863798333,0.12028350277722
2,0.268010213507373,0.24675222390082,0.159773890168839,0.307516339869281,0.25,0.161486845829588,1.08442161214602,1.0703181775438,0.387959446167391,0.626981469365749,0.517980577981924,0.336939087216033,0.319939461455181,0.300915179678589,0.137000240600456,2.74997939598539,2.33932416595687,1.38343953777174,0.9476658787945,0.552886389776446,1.0140758680762,5.54162608094246,5.04184023546954,2.24895719311752,2.36630496267428,1.95098712450903,1.93100163755941,0.0342511272937292,0.0221297843666667,0.033558998113558,0.171255636468646,0.110648921833334,0.16779499056779,0.486747416386115,0.461239268443388,0.295911347359237,1.0336092473543,0.877052700811073,0.762255422738702,0.387489329352184,0.384256320619866,0.228828978715321,2.27959562119182,0.0823290586815063
2,0.222824079430658,0.206477553259427,0.149765818753812,0.332634730538922,0.25,0.208113163125357,1.04665104494053,1.05803240497585,0.391370241366322,0.548880995548246,0.457450849731053,0.33135383130354,0.289955693039906,0.263748308051447,0.127014705161268,2.13627649984012,1.91899638686624,0.829398881458588,0.560137955909185,0.428018691180554,0.522069616073062,5.23878783987017,4.71928892948923,2.33766446208933,1.45545494040451,1.2631785305332,1.07409092100039,0.0238679551590785,0.017113006666666,0.0196680172154273,0.119339775795392,0.0855650333333298,0.0983400860771364,0.488199486781537,0.479276411534555,0.31581509806247,0.820688805262191,0.730805692369736,0.596316369183402,0.391137352669433,0.386197369819112,0.2491623902538,1.89788056971693,0.111148382433982
2,0.264065350910859,0.224696627300332,0.184616691782722,0.314732142857143,0.25,0.167740467815952,1.00380569285763,0.993632177077172,0.385064715546256,0.603798365490345,0.535889587926271,0.30873366640837,0.333885970555663,0.301540899520045,0.155155341820794,2.54764255429308,2.32966507302762,1.12720891969633,0.679678718632282,0.39605171620248,0.76382681647049,5.90962166823322,5.64652724810654,2.39909163495858,1.91745310264338,1.59606500779461,1.49359099178032,0.032527834345356,0.0229690349999995,0.0253167113930023,0.16263917172678,0.114845174999997,0.126583556965012,0.511757168961035,0.566209604584714,0.31802197972236,0.958410304382319,0.786381524950927,0.698905575104757,0.411005517836847,0.47739571455867,0.253188103629336,1.29848464870582,0.0913996745851051
2,0.252454130796108,0.25370677510834,0.162395600751086,0.319642857142857,0.25,0.166830455950651,1.01745431251925,0.995874308314115,0.41831076493299,0.504507846294853,0.493850251446465,0.209231426873761,0.30859321749302,0.290025807180778,0.134587338680786,2.13477412621935,1.93733378020058,0.864496957531094,0.513793535362276,0.316237386648758,0.543262179640178,5.60911536207323,5.17245530173992,2.3887379029247,1.31888257735004,0.965464067508284,1.11722153822501,0.0260111040398697,0.0170317434090908,0.0208030018291614,0.130055520199349,0.0851587170454538,0.104015009145807,0.533456700176998,0.561985492997451,0.316648628852828,0.908354473541887,0.723233546418083,0.695276014749665,0.431844518034742,0.455454723906559,0.253603904626989,1.74475798368539,0.103319979628347
2,0.221755667061895,0.19041478625628,0.172294483235331,0.31875,0.25,0.188456554717189,1.02605036562084,1.10039484270521,0.373093741616078,0.53544841339938,0.476329557457891,0.238626266018152,0.300705380446041,0.261688992957747,0.138443688451029,2.30437144124699,1.97027555957024,1.08572639219451,0.601929525666417,0.469399122762917,0.463880973930115,5.60390789882137,4.48882826592439,2.52104474670421,1.60712956567852,1.33797977807035,1.41294904054922,0.028829235653223,0.0160636124999993,0.028215896776448,0.144146178266115,0.0803180624999967,0.14107948388224,0.443880311372567,0.473522403043415,0.312142557055255,0.835006581835361,0.532103553672342,0.766059937170611,0.357881159395622,0.367024187995505,0.247554469772044,1.4628556716423,0.132901376171249
2,0.25827274990177,0.244485439239237,0.172356597465497,0.346445497630332,0.3,0.214474264448172,1.13705589622695,1.11244493607222,0.423652529143076,0.597477951099403,0.508369734164549,0.321947691386314,0.327866657799239,0.302003178791216,0.144136806086483,2.31881391388195,2.00838960710089,1.18714042355971,0.706442920865858,0.422156369133505,0.842219851138436,5.31909031872432,4.63293686553142,2.25482127287121,1.84881924880895,1.46654969531869,1.57334753126022,0.0265496500369448,0.0156362399999992,0.0262386832647313,0.132748250184724,0.0781811999999958,0.131193416323656,0.503499462529176,0.519963200255265,0.316184907598012,0.89083425411257,0.831637207227076,0.686638017917615,0.409902695456957,0.410579143857866,0.2538521430326,2.32661674364625,0.145649683714465
2,0.23019072779105,0.199968262046249,0.157426722520712,0.316477272727273,0.25,0.14298171069223,1.03066389655721,1.08255723956155,0.408814108819433,0.582214428612603,0.504519322589617,0.34065199329193,0.305024230938979,0.277355274546975,0.138005052861327,2.27177554097628,2.03057478058888,0.832385799886262,0.547575844237441,0.37079349865153,0.467195461606469,5.44965029774877,4.8475453941713,2.29927157790011,1.60294903543694,1.43194274000724,0.998350104630594,0.0263101098149883,0.0174753640000002,0.0200134109289439,0.131550549074942,0.087376820000001,0.100067054644719,0.460864857237076,0.435461500125624,0.307740258272428,0.810810160637024,0.668622292420923,0.619755228042603,0.372807194284926,0.349650126473875,0.244487414059848,2.29099046651179,0.148400406164916
2,0.282755390146134,0.256036032620411,0.188746265579868,0.303086419753086,0.25,0.162180202616102,1.1467438270335,1.14184566721419,0.419060947745641,0.62676412485922,0.548515541454074,0.336084941790032,0.344320342885352,0.315740051308037,0.166385791228495,2.70035288779922,2.37687583840435,1.12619402792295,0.953964775007486,0.686839136916355,0.946937978618913,5.51234920935901,5.1824689096993,2.17880167341391,2.22932194562149,1.9377217397675,1.41326119946949,0.0314767104696768,0.0236831166666665,0.0245457749352423,0.157383552348384,0.118415583333333,0.122728874676212,0.502233436086448,0.48537910586075,0.295215879539919,1.05989034024403,0.912854424319663,0.744762445067587,0.401161207110233,0.400234232481471,0.230067211232494,5.80113702285648,0.105427465002792
2,0.233828270777162,0.247823599360511,0.152274141974789,0.334920634920635,0.25,0.184179724777037,1.04953561912224,1.06147650828191,0.424212461213671,0.498706708499366,0.431171323171222,0.232275053703112,0.30809671524546,0.305878358175275,0.116915617238381,1.99229400971964,1.75444611883584,0.877971613126925,0.333219517697402,0.178101094887123,0.435306635725396,5.96488974188932,5.95954805333439,2.15914745229836,0.993452804698569,0.656031219651701,1.1389315411577,0.0261698462645911,0.0212055137625,0.0200269510972426,0.130849231322956,0.1060275688125,0.100134755486213,0.563263115274973,0.682370279443604,0.354880698656839,0.88538015952628,0.818439376096771,0.674082930781237,0.451575753270372,0.58488881095166,0.279394507025653,1.11569342338573,0.112419384411984
2,0.40372539856122,0.368189951283713,0.239663962667402,0.271323529411765,0.25,0.11037212348952,1.147916405712,1.16403214953804,0.385762613475401,0.79985393169798,0.714410093319499,0.442867063613315,0.460528659207419,0.432681136987402,0.223613601656617,3.8132903678578,3.67410691011552,1.64170130196633,1.65678978554532,1.28896813407681,1.4495930221217,6.69181953865442,7.05920163670179,2.20032400774631,3.44005122935361,3.27081854312141,2.02677929666368,0.0546771853857752,0.0482872066666668,0.0372323591766951,0.273385926928876,0.241436033333334,0.186161795883475,0.54461031596312,0.552457579422015,0.260458942698619,1.62779349261794,1.39859234725909,1.05566160442234,0.429330972339505,0.44058814020096,0.200403303475289,5.83038984387245,0.0785427893038333
2,0.277679505903368,0.235044697876809,0.18165704643582,0.276497695852534,0.25,0.12883269097238,1.03833231631468,1.05145485313297,0.410795660662877,0.634383230725265,0.553852403757632,0.319117044612155,0.338413512620179,0.294569787995982,0.163242899302605,2.98749259828264,2.82618022203002,1.25768899488483,1.22213772416473,0.966146986746813,1.06295948267056,5.51717901394869,4.9920136217763,2.1591110278281,2.67194265530894,2.43986206162152,1.62453813483241,0.035451598580391,0.025214446666666,0.0283698429158264,0.177257992901955,0.12607223333333,0.141849214579132,0.491908011529435,0.450375192335878,0.284123467975623,1.11147453956759,0.932916126991036,0.7610083145347,0.387944427238075,0.370324634613316,0.221071778039317,4.72211619221694,0.075734947736594
2,0.326885584814815,0.315597290862899,0.206754013002984,0.283586626139817,0.25,0.113311676001,1.10181586851303,1.09605886819512,0.436785369398179,0.689186978503473,0.59281891375724,0.369638132686693,0.385910583669468,0.359962775853282,0.18875889184767,3.15672020063121,2.97110947131764,1.35208187353248,1.22314244664901,0.898376313133921,1.11240084329637,6.00857719501783,5.93502586346506,2.23505449414341,2.72279943348152,2.5269396510404,1.78632678877797,0.0408241405074552,0.0323464900000001,0.0291924709140243,0.204120702537276,0.16173245,0.145962354570121,0.510926772674163,0.519709129440855,0.285043142728234,1.28140436217194,1.14650534233383,0.887262712400688,0.405751235390603,0.414038597201249,0.222777092992822,3.71869036496482,NaN
2,0.4309659843052,0.383298068870692,0.27778326558013,0.291329479768786,0.25,0.142588084152112,1.14441982270922,1.12858704588609,0.406332942770053,0.90120411798233,0.790346196285744,0.559855428774366,0.499134490227159,0.439646840543638,0.265591814579248,3.92438335401662,3.94069826147174,1.63067039718467,1.71385465926025,1.45009115575531,1.49075537275419,6.81758469127099,6.89672423401138,2.20343989303869,3.60970652719829,3.55658123805304,2.02040405082699,0.0567493816078748,0.0527779936250003,0.0372223290698276,0.283746908039374,0.263889968125002,0.186111645349138,0.521083319369578,0.532556677200619,0.261877015888744,1.59978156165571,1.39705682060537,1.03043136398304,0.414891364568071,0.436488513047657,0.203489320679084,2.97712236342903,0.0877147560682233
2,0.284724346262845,0.317566978974203,0.17163755773517,0.357407407407408,0.275,0.234803693079384,0.983496514056595,1.0516261061189,0.425940887193133,0.556148867928899,0.498834951268428,0.276335789937856,0.336934435466196,0.338906716369486,0.140693201109826,2.1923719020379,1.87219220356065,1.17533090315556,0.482141711972938,0.256520068134725,0.767734166810724,6.4507247936668,6.62701148660694,2.48680711682754,1.22658354122855,0.647332080614138,1.50573787800677,0.0312829762758729,0.0228857338690477,0.0270284705143292,0.156414881379365,0.114428669345239,0.135142352571646,0.5712054174638,0.676036776615278,0.320623542556606,0.981176341540132,0.912373080311657,0.686955969074261,0.465270480478485,0.590841494900399,0.25799660735245,0.664774717819752,0.113176049060335
2,0.315674430760033,0.276704625910012,0.217489614777189,0.310309278350515,0.25,0.183397741543538,1.15305835582796,1.15136206633521,0.425438028499215,0.718791726343555,0.582724628116806,0.462192967706918,0.369993551478651,0.319984640256377,0.212258991787818,2.89703981205343,2.63963837667594,1.13306052807202,1.19795862027972,1.01604921140653,0.880021384795756,5.26792716859549,4.86691771042001,2.05815086558271,2.63945464360964,2.48385667863506,1.3098284631138,0.0313509613309587,0.0241436274999992,0.0231952307879655,0.156754806654794,0.120718137499996,0.115976153939828,0.487644297641379,0.464080455191586,0.258605194815998,1.10975867634735,0.985132681419114,0.720553155247736,0.390794232985814,0.379351349304728,0.20198542375299,4.11417540833509,0.0987423532923799
2,0.391226198733281,0.355320095125509,0.247868851563659,0.271280276816609,0.25,0.102683208515483,1.11396704906947,1.09412008773484,0.446457176876724,0.787000832842899,0.690052210603513,0.424458898179034,0.448282317809211,0.427862045524022,0.230429914349009,3.83293016981338,3.6120698452806,1.87401466056738,1.73408697311976,1.09576639846273,1.73651741284289,6.57858895830104,6.57111558260858,2.18511188279927,3.55603085455034,3.21972048476262,2.33374260378837,0.0565004974636844,0.048344970000001,0.0427437145983686,0.282502487318422,0.241724850000005,0.213718572991843,0.537270033319069,0.552271863650387,0.275513476812361,1.57125266575393,1.41231177703634,1.07351720871646,0.426181776186476,0.44322696023608,0.217405373276646,4.45491488176032,0.0814662168361035
2,0.208493759459448,0.180633366456155,0.164487274545409,0.291346153846154,0.25,0.118288925876081,0.970911199944145,0.955029262676761,0.42575554414027,0.498472663517727,0.434889091762846,0.325208452950281,0.279742952831977,0.234697173769554,0.147659664844666,2.15540837135796,1.76356688129628,0.973312243928138,0.497879848729181,0.398182685520628,0.436300178280106,5.14765595898383,4.50603505506336,2.26348197259236,1.48866458884265,1.15268669851994,1.37659638680938,0.0245890250183971,0.0166935962499993,0.0215671205720643,0.122945125091985,0.0834679812499967,0.107835602860321,0.494243086200386,0.570260547598931,0.347687087204644,0.860162296684803,0.705249499093352,0.772475889462634,0.389282134759467,0.448882957540823,0.269711428787344,1.57817634621401,0.093524982116123
2,0.285891237141503,0.258375114900801,0.199990805214722,0.316279069767442,0.25,0.163836188040457,1.04462512394985,1.06716622436968,0.404593526973929,0.651680451224926,0.553049423174471,0.353410003177809,0.331511483974741,0.302660007268883,0.187360015934389,2.64315754858642,2.3539484010897,1.0767707364232,0.948737180812444,0.681237109969707,0.842355529457532,5.37831835475661,4.99036912462392,2.22607232948486,2.20214674514972,2.05384322673376,1.26684184533091,0.0296198394121629,0.024087743333334,0.0234574262171695,0.148099197060815,0.12043871666667,0.117287131085848,0.468075000378585,0.444909254240763,0.261835899067905,1.02788471832251,0.876926450735792,0.762483331362548,0.375012497971325,0.363739734476177,0.202900336213882,4.89284777167196,0.0951895409477753
2,0.265301070400931,0.21310964820581,0.200256530549458,0.303099173553719,0.25,0.15640111772577,1.04008268489828,1.02125432694129,0.392409547693901,0.626115891613502,0.536558179747237,0.333423838917913,0.318864647135847,0.274789883551283,0.179474610339007,2.80646493186403,2.22200345559721,1.61601823219079,1.13306670553573,0.713583654776498,1.37371513936816,5.45609741675216,4.64746883638538,2.4013275347254,2.35693998557651,1.87298475473182,1.87124749322604,0.0355514769306412,0.0194133840000007,0.0379961275450462,0.177757384653206,0.0970669200000032,0.189980637725231,0.473276550321185,0.432911301886156,0.303360692575306,1.07010941251225,0.809256878660848,0.938673950347576,0.373859119210017,0.344318216998643,0.23414457720469,3.78634138677194,0.0810661384476752
2,0.314156015788851,0.300247534790545,0.201367661439956,0.30765306122449,0.25,0.218015765228152,1.09067568372879,1.0891881047752,0.399077722220244,0.728410443200924,0.626533092713664,0.372834720569324,0.385477724846381,0.368520141980094,0.176103773929238,3.30208091548802,2.91598539577161,1.58715032883626,1.35607088172622,0.87177532304884,1.37253280801836,6.25894313922172,6.32216320417894,2.1477741272159,2.89944464075484,2.43953732632991,2.0636598182114,0.0446411505695843,0.0342745109799986,0.0340324912981105,0.223205752847921,0.171372554899993,0.170162456490553,0.484652697353247,0.468453562049854,0.282158266300302,1.23661488196552,1.17120589569238,0.856661014050091,0.383955395145082,0.358738923365955,0.218911923811452,1.85371123771581,0.0726833582418378
2,0.265614415134711,0.243152050111989,0.170227693583976,0.295198675496689,0.25,0.136283587459622,0.998117006736658,1.00976961283966,0.38428765226665,0.625474919617821,0.545301338420298,0.342255045134139,0.318632159769112,0.292328358048447,0.151915287006245,2.80304131386396,2.31227449328117,1.42347298314114,1.0570662323675,0.719408090008088,1.0552103431528,5.50316948885643,4.8826593651236,2.36153248395819,2.41439709553011,2.03778478491517,1.72754768442023,0.0342358850092057,0.0221903249122806,0.0312190301204754,0.171179425046028,0.110951624561403,0.156095150602377,0.475811843426443,0.467088715319911,0.27493212916484,1.02792636930456,0.803490744699095,0.752384834860679,0.378936304052347,0.380285429354487,0.215444583116685,2.1716221321977,0.0856118426022715
2,0.260913412973601,0.232257382601231,0.18317063726667,0.30872641509434,0.25,0.170604669433709,1.06929837563647,1.08750638628983,0.421339931899252,0.599451089234514,0.518716188965761,0.347430124068898,0.323238277006093,0.295477341769825,0.157150724597553,2.56761320054874,2.15860624700398,1.23856078789596,0.876796913946521,0.538564296861587,0.976476042515679,5.5658810533698,5.18356589683915,2.2801487574577,2.00169674736365,1.73071097743867,1.49781759205392,0.0307418133915982,0.0211606549999997,0.0264973242764394,0.153709066957991,0.105803274999999,0.132486621382197,0.493611482152422,0.499925049874451,0.306026998855518,0.982845486667789,0.827121829213339,0.737614891827008,0.393427039868729,0.389911035778747,0.23942122094359,2.88665186985258,0.0911913023311013
2,0.232185792419771,0.233515502697358,0.165220743474643,0.327064220183486,0.25,0.217895246460709,1.02710515346053,1.04514995447448,0.423446751389456,0.516127791866991,0.474329812779165,0.257455397983954,0.301762765145669,0.281190682633695,0.129362309873556,2.19618397774367,1.97468772724234,0.916279051053381,0.519252988297878,0.339835254204162,0.489093155764234,5.52751368575875,4.95437826573648,2.24166426571275,1.49747765643971,1.01848907701565,1.38058175058309,0.0262106319912023,0.0194274699999989,0.0204696287784105,0.131053159956012,0.0971373499999943,0.102348143892052,0.517287351678326,0.583593962670193,0.340970775973924,0.902396204122483,0.780922815932807,0.736005816193767,0.410246341064691,0.482015478691834,0.264047539755329,1.63335337562819,NaN
2,0.396995511988903,0.35648288375743,0.259762628356068,0.290372670807453,0.25,0.161188684925415,1.15502824053825,1.17164848068133,0.422986329257633,0.876593889827453,0.767838192813067,0.499971682276425,0.471531185124761,0.438399700996268,0.238142792302697,3.85872034438751,3.94781432631313,1.51545509818283,1.60000566721277,1.2502181538829,1.29765911576492,6.78165194449592,7.06369645775568,2.14406652939694,3.62451912609777,3.55567300397277,1.86711784979309,0.0545514155428915,0.05149556425,0.0334902929066775,0.272757077714457,0.25747782125,0.167451464533388,0.496157443457939,0.478905829466476,0.274420584164749,1.51136767992655,1.37095024761037,1.01386837104356,0.39368239084396,0.3866868265798,0.21276019287659,4.4924630143333,0.0825040094577558
2,0.348240345330232,0.314293582907554,0.228214630454192,0.312162162162162,0.25,0.164417921057773,1.20606895848385,1.201564405044,0.434935207326332,0.738212625240073,0.616340296348431,0.494710001521577,0.401755633560635,0.354268255537768,0.213971858151696,2.96966478410389,2.762831353482,1.26255712697916,1.14206497804575,0.8535609737739,1.09162393982159,5.80328625626691,5.55974055367868,2.06509210428316,2.54575095345379,2.39544191688192,1.60369896340929,0.035545698805896,0.0298906479999995,0.0258329108566085,0.17772849402948,0.149453239999997,0.129164554283043,0.534351722333965,0.559575973012641,0.274432470748229,1.25157364929646,1.06654291454195,0.857103181857002,0.42774705548809,0.449795654476989,0.212485920062766,3.95971306592085,0.0982904140957569
